{"cameraMode":{"drawMode":0,"name":"Shaded","section":"Shading Mode"},"sceneLighting":true,"audioPlay":false,"sceneViewState":{"showFog":true,"showMaterialUpdate":false,"showSkybox":true,"showFlares":true,"showImageEffects":true,"showParticleSystems":true},"in2DMode":false,"pivot":{"x":17.714553833007814,"y":1.3898582458496094,"z":29.831287384033204},"rotation":{"x":-0.14753791689872743,"y":0.6721748113632202,"z":-0.1392747312784195,"w":-0.7120524048805237},"size":0.90739506483078,"orthographic":false}